id,target
0,0.5504465
2,0.82783717
3,0.91108924
9,0.3498305
11,0.9583131
12,0.82783717
21,0.17261007
22,0.1631299
27,0.3498305
29,0.25756964
30,0.31185684
35,0.3498305
42,0.3498305
43,0.3498305
45,0.24715328
46,0.28419414
47,0.28419414
51,0.8488773
58,0.28905922
60,0.13184847
69,0.15076123
70,0.40195012
72,0.10726619
75,0.7319151
84,0.27139097
87,0.097029425
88,0.12570678
90,0.44621977
94,0.1963797
99,0.8089495
101,0.35564896
103,0.6959858
106,0.31638905
108,0.7093193
111,0.89288604
115,0.6060254
116,0.7953421
122,0.27388853
123,0.26495308
124,0.80352026
125,0.47510803
127,0.6219411
140,0.6584932
142,0.5053559
147,0.117110655
148,0.43499744
150,0.07415574
152,0.19950901
154,0.3730736
155,0.19950901
166,0.21751855
167,0.11942676
169,0.866509
177,0.19950901
179,0.27139097
181,0.28419414
186,0.28419414
188,0.33276215
189,0.1240592
192,0.28419414
200,0.6272379
202,0.61334264
206,0.8887621
207,0.8873154
214,0.8371581
217,0.8005535
223,0.811382
224,0.9155491
227,0.7996157
228,0.79052573
230,0.62142897
233,0.8701188
234,0.9397705
236,0.9397705
239,0.9432834
250,0.97265583
255,0.13184847
257,0.28419414
259,0.63604075
275,0.90236926
278,0.19375454
282,0.17475136
284,0.13512291
286,0.28419414
288,0.96362954
292,0.38596642
295,0.28419414
300,0.38109463
304,0.91213524
305,0.91213524
306,0.28419414
308,0.27139097
311,0.27139097
317,0.2691032
319,0.19498569
323,0.12930834
324,0.18381067
325,0.5023945
326,0.40812945
333,0.27139097
339,0.23625156
342,0.18889089
343,0.28419414
350,0.19865756
351,0.40357327
357,0.28419414
359,0.29805905
362,0.37741613
366,0.5282422
367,0.29805905
369,0.29805905
373,0.45098364
374,0.27139097
376,0.3108678
377,0.29805905
378,0.29805905
379,0.32304546
382,0.29805905
385,0.2848798
387,0.56174123
388,0.29805905
391,0.29805905
392,0.2848798
395,0.2848798
399,0.19344549
400,0.20895128
403,0.16157435
405,0.29559422
408,0.27139097
411,0.28419414
414,0.26534596
416,0.07104559
417,0.46168706
422,0.18500829
425,0.12676045
428,0.27139097
430,0.20895128
431,0.27139097
433,0.28419414
434,0.16157435
439,0.28419414
441,0.15311365
449,0.12202714
458,0.12202714
460,0.12202714
464,0.121541545
473,0.17423195
488,0.02944881
491,0.04627505
494,0.30215758
497,0.3163644
500,0.2095607
505,0.17887378
507,0.19185913
508,0.27139097
510,0.28419414
511,0.27139097
515,0.5261187
525,0.28419414
529,0.17887378
532,0.17887378
534,0.17887378
537,0.26443726
539,0.28419414
541,0.17887378
545,0.28419414
547,0.7992815
548,0.99072427
549,0.98817587
553,0.8155172
554,0.2095607
555,0.28419414
557,0.5533285
562,0.5094982
566,0.28419414
572,0.4194582
573,0.55978316
582,0.43916148
586,0.74650705
587,0.28419414
590,0.99011886
591,0.28419414
593,0.28419414
595,0.5375052
596,0.28419414
597,0.27139097
601,0.27139097
602,0.28419414
605,0.75572276
610,0.6219411
616,0.28419414
618,0.3694927
620,0.54896075
626,0.28419414
627,0.1885753
629,0.22660454
632,0.5642259
634,0.30524108
639,0.28419414
645,0.99072427
647,0.7817689
648,0.051541228
650,0.475297
663,0.35978156
666,0.4173762
668,0.19315799
670,0.40194216
673,0.7771986
676,0.56593746
678,0.12945706
692,0.36868235
693,0.475297
694,0.4686786
695,0.5824161
696,0.9259667
698,0.28419414
701,0.18563396
703,0.9136113
707,0.9136113
708,0.9804837
711,0.9136113
715,0.9136113
718,0.114333965
722,0.2038171
723,0.28419414
733,0.9136113
741,0.5362962
742,0.90843904
743,0.30328512
747,0.19834825
749,0.30354026
750,0.17684649
756,0.1159844
757,0.28419414
760,0.06898807
764,0.19222884
765,0.27139097
766,0.27139097
768,0.18990442
769,0.18697156
771,0.19222884
772,0.28419414
776,0.19222884
778,0.27139097
780,0.28419414
785,0.28419414
789,0.28419414
792,0.27139097
793,0.27139097
811,0.525532
813,0.28419414
816,0.28419414
821,0.08565573
824,0.14466847
825,0.30943057
827,0.28419414
830,0.5982313
831,0.5195432
839,0.53544986
844,0.28419414
847,0.53544986
850,0.6202747
854,0.5195432
855,0.49062425
858,0.3671222
861,0.53544986
862,0.22302079
865,0.59535563
869,0.65478
879,0.6849373
880,0.6942596
887,0.2728023
889,0.5544026
897,0.31739032
900,0.4988127
901,0.4988127
904,0.36989412
908,0.48286307
909,0.48286307
910,0.5544026
913,0.4988127
914,0.6624957
917,0.54376715
918,0.5544026
920,0.7465053
922,0.36989412
924,0.36989412
925,0.41881064
927,0.59327674
933,0.24437416
937,0.055748887
943,0.28419414
949,0.28419414
950,0.94513744
954,0.19858988
966,0.27139097
967,0.13312186
969,0.28419414
970,0.57559943
973,0.19253898
975,0.5454132
980,0.28419414
988,0.08901982
989,0.14376105
995,0.20347753
1000,0.20347753
1003,0.14960799
1007,0.19332857
1011,0.28419414
1012,0.28628117
1013,0.20347753
1014,0.13682078
1016,0.90681064
1019,0.16560149
1025,0.3215354
1027,0.28419414
1028,0.4066932
1030,0.084763035
1033,0.57559943
1034,0.36693853
1039,0.10473731
1046,0.272621
1047,0.28419414
1053,0.28419414
1055,0.28419414
1056,0.23457189
1059,0.23574005
1060,0.28419414
1063,0.1247128
1064,0.28419414
1068,0.14581607
1076,0.13512291
1086,0.07538008
1087,0.12224973
1089,0.07538008
1092,0.12224973
1095,0.24608567
1096,0.12224973
1097,0.15590967
1100,0.08304675
1101,0.08304675
1107,0.16985716
1108,0.08097336
1111,0.1349096
1115,0.124090895
1116,0.17528659
1121,0.056931704
1125,0.073882796
1127,0.20239611
1131,0.28419414
1133,0.20107616
1135,0.21152517
1137,0.24286051
1140,0.19365533
1144,0.15813223
1147,0.4781961
1148,0.28419414
1150,0.27317426
1158,0.13849267
1159,0.10770004
1161,0.1432953
1163,0.092613176
1165,0.109278426
1169,0.21152517
1171,0.14395802
1172,0.16688961
1176,0.09306961
1180,0.27139097
1184,0.28419414
1186,0.28419414
1187,0.20379658
1192,0.07078846
1193,0.27139097
1194,0.27139097
1197,0.79336226
1200,0.19842291
1205,0.2095607
1210,0.20402427
1216,0.28419414
1220,0.22660454
1231,0.18951091
1233,0.28419414
1246,0.28771475
1247,0.20177624
1248,0.0920704
1255,0.28419414
1256,0.4198548
1257,0.28419414
1258,0.13184847
1260,0.18262468
1261,0.10184662
1265,0.27139097
1266,0.27139097
1268,0.33439764
1274,0.28419414
1281,0.05013402
1285,0.263725
1286,0.14042221
1291,0.14042221
1292,0.041173857
1295,0.06990077
1299,0.14042221
1306,0.14830442
1310,0.28419414
1311,0.059245504
1313,0.14042221
1314,0.057677485
1322,0.0841924
1323,0.4647227
1325,0.21333422
1329,0.37182817
1330,0.073132135
1333,0.17760345
1336,0.27139097
1339,0.2038171
1342,0.10574662
1344,0.19288798
1355,0.97030175
1357,0.118149474
1358,0.19089018
1359,0.12833408
1364,0.083621666
1366,0.32025573
1367,0.19288798
1370,0.4695049
1373,0.13791987
1377,0.2491973
1386,0.16247287
1387,0.28419414
1392,0.070449814
1397,0.046080086
1398,0.070449814
1400,0.121996425
1403,0.09661012
1404,0.031397384
1410,0.02548757
1413,0.070449814
1416,0.10581113
1417,0.06299954
1423,0.09661012
1424,0.10581113
1426,0.28419414
1427,0.28419414
1428,0.07474585
1430,0.06743117
1434,0.10604119
1435,0.035768073
1437,0.09661012
1438,0.22770394
1442,0.13550386
1446,0.046625998
1451,0.09661012
1457,0.1863425
1461,0.069661185
1462,0.20069416
1465,0.13550386
1468,0.02884368
1469,0.09661012
1471,0.12783588
1476,0.042188905
1478,0.04817114
1481,0.06098415
1489,0.019412521
1490,0.13980822
1492,0.049694136
1496,0.046765182
1512,0.13183598
1516,0.06098415
1517,0.046765182
1528,0.046765182
1529,0.9834722
1536,0.87368274
1539,0.17714393
1541,0.44227374
1542,0.234403
1548,0.89404285
1550,0.38976914
1551,0.1518668
1552,0.39083153
1557,0.9471702
1563,0.28419414
1564,0.26973066
1565,0.17974195
1566,0.9756461
1571,0.22314367
1578,0.23009367
1581,0.034365144
1583,0.27139097
1584,0.242767
1586,0.9659656
1589,0.94133013
1592,0.8482565
1598,0.9893985
1606,0.21039258
1612,0.28419414
1616,0.3187453
1620,0.1885753
1624,0.2068434
1629,0.96288204
1630,0.8556488
1635,0.95189995
1640,0.99613285
1641,0.9973912
1642,0.98430324
1651,0.96288204
1655,0.99613285
1656,0.9973912
1659,0.94287795
1664,0.9973912
1667,0.99587905
1668,0.9987451
1674,0.76793236
1678,0.28419414
1680,0.8938763
1681,0.6520553
1682,0.6520553
1685,0.5587334
1695,0.95225275
1696,0.5550155
1697,0.27139097
1704,0.7503439
1708,0.6520553
1711,0.8409371
1713,0.5429434
1714,0.6520553
1717,0.93516386
1729,0.484202
1730,0.09571083
1732,0.5106655
1734,0.40352604
1736,0.12862904
1738,0.6585451
1742,0.61714965
1743,0.5299757
1746,0.47104317
1748,0.797603
1749,0.6498312
1751,0.79514736
1758,0.6205663
1764,0.799849
1765,0.64168507
1777,0.8422589
1778,0.20096426
1781,0.52520543
1782,0.5554281
1783,0.8535035
1785,0.75836325
1788,0.6217627
1793,0.9983766
1794,0.4894168
1795,0.8179534
1797,0.647288
1800,0.9639665
1801,0.74939984
1805,0.62400424
1806,0.6217627
1819,0.870526
1820,0.4194582
1825,0.89266056
1828,0.1858642
1829,0.1957164
1830,0.18408164
1839,0.62461513
1843,0.13112076
1844,0.23129061
1846,0.082492895
1849,0.1230388
1850,0.26927984
1854,0.08515767
1855,0.0756287
1858,0.16811448
1859,0.10782512
1862,0.10631547
1867,0.43298635
1868,0.08515767
1871,0.4473349
1872,0.20901379
1874,0.91501355
1876,0.20558335
1879,0.1885753
1884,0.40352604
1891,0.4473349
1894,0.5013744
1896,0.27822268
1902,0.15947014
1903,0.39637932
1904,0.4473349
1906,0.60620683
1907,0.5947729
1912,0.23642026
1913,0.4031244
1923,0.68665314
1926,0.5883368
1928,0.68665314
1930,0.7718675
1931,0.7838413
1934,0.67263174
1936,0.55333394
1944,0.9498205
1946,0.6198294
1947,0.64168507
1958,0.5106655
1964,0.28419414
1970,0.866885
1974,0.32725388
1977,0.81859463
1978,0.90355325
1982,0.7795824
1984,0.9368214
1988,0.68587923
1993,0.34428668
1997,0.78207153
1998,0.7795824
2002,0.5197754
2004,0.83472633
2005,0.8079822
2008,0.28419414
2011,0.89236724
2013,0.3232063
2018,0.48232633
2021,0.68219227
2025,0.3842277
2029,0.988442
2030,0.89236724
2032,0.7880961
2037,0.6533481
2041,0.8456835
2044,0.90394115
2048,0.48232633
2052,0.8018249
2053,0.3512468
2054,0.8022019
2062,0.38583958
2065,0.20368023
2066,0.28419414
2072,0.607674
2079,0.27139097
2080,0.22659846
2085,0.28419414
2088,0.28419414
2090,0.29784137
2092,0.27139097
2093,0.27139097
2101,0.21104737
2104,0.28419414
2105,0.15715049
2106,0.28419414
2107,0.28419414
2120,0.3164895
2124,0.27139097
2127,0.18627034
2130,0.28419414
2132,0.28419414
2135,0.28419414
2137,0.28419414
2140,0.11556811
2143,0.23129061
2147,0.28419414
2151,0.34488842
2152,0.2966141
2155,0.28419414
2156,0.2514518
2162,0.47253528
2165,0.43529552
2166,0.5338725
2167,0.45104438
2168,0.42478594
2170,0.45104438
2178,0.9861935
2180,0.94527197
2182,0.3098085
2184,0.2581632
2185,0.45997247
2187,0.28419414
2196,0.47562525
2197,0.6933836
2199,0.4933238
2200,0.18857871
2201,0.20273386
2202,0.7384037
2206,0.3098085
2208,0.45104438
2218,0.29612207
2223,0.541338
2224,0.9329298
2226,0.2538443
2228,0.25057325
2232,0.25057325
2234,0.8179347
2243,0.60458654
2247,0.2538443
2249,0.23877943
2252,0.33430928
2253,0.89847285
2259,0.28756386
2261,0.27139097
2264,0.18644473
2268,0.23833978
2269,0.23833978
2270,0.250119
2276,0.5580885
2283,0.18627034
2287,0.20514691
2290,0.28419414
2291,0.18644473
2293,0.19865969
2295,0.18644473
2302,0.36784476
2305,0.37012315
2310,0.8926294
2313,0.7875402
2316,0.6980017
2320,0.28419414
2322,0.37012315
2323,0.89591414
2326,0.27288654
2328,0.6605087
2331,0.37012315
2335,0.72917163
2338,0.15118372
2343,0.37012315
2344,0.6980017
2345,0.4016387
2353,0.8488773
2355,0.28419414
2357,0.18073368
2360,0.7140596
2365,0.21668743
2369,0.08101057
2371,0.27139097
2378,0.27139097
2380,0.62400424
2381,0.28419414
2383,0.64402616
2384,0.311727
2392,0.42350125
2393,0.28419414
2401,0.28419414
2403,0.47887716
2404,0.21219143
2405,0.19342716
2407,0.06616999
2411,0.19509503
2424,0.1532425
2426,0.06986657
2431,0.18488914
2433,0.098832026
2434,0.034009364
2436,0.28419414
2439,0.19342716
2444,0.3167572
2447,0.27139097
2448,0.28419414
2449,0.08580399
2450,0.19687547
2461,0.500466
2469,0.12783614
2472,0.42709306
2473,0.10278342
2474,0.27139097
2477,0.2171292
2481,0.27139097
2484,0.19842291
2495,0.42350125
2503,0.26791194
2509,0.75743365
2511,0.78282493
2518,0.91639453
2522,0.86311245
2525,0.78282493
2526,0.4979561
2529,0.28419414
2533,0.28419414
2549,0.28736582
2551,0.51390886
2558,0.87359595
2562,0.7501004
2563,0.6804205
2567,0.56337553
2574,0.9303977
2577,0.69589347
2578,0.28419414
2580,0.70488644
2581,0.23816864
2583,0.42009136
2584,0.33016115
2586,0.6485542
2589,0.3299426
2595,0.45534432
2596,0.610766
2600,0.8543268
2601,0.851873
2607,0.2808633
2610,0.2114031
2613,0.08965041
2615,0.59419304
2618,0.27476832
2620,0.40015784
2623,0.8262084
2626,0.18488914
2630,0.28419414
2634,0.8262084
2636,0.653767
2638,0.57126415
2639,0.38596642
2646,0.28419414
2650,0.6822619
2652,0.48177043
2653,0.20086373
2654,0.13202713
2662,0.1908139
2665,0.20086373
2669,0.20086373
2674,0.20086373
2678,0.28494823
2681,0.20086373
2685,0.07064771
2686,0.29297948
2690,0.1908139
2697,0.1908139
2699,0.3023876
2704,0.2004634
2705,0.35720122
2710,0.21088897
2712,0.21088897
2713,0.07645523
2716,0.14698713
2717,0.21088897
2718,0.2004634
2721,0.08751495
2722,0.2004634
2735,0.21088897
2737,0.106371276
2738,0.21088897
2742,0.2367312
2745,0.15343042
2746,0.21088897
2747,0.21088897
2750,0.14217088
2751,0.022798285
2754,0.2647752
2762,0.7151657
2764,0.20575197
2772,0.16525398
2775,0.20575197
2776,0.13684085
2779,0.17499374
2781,0.080724746
2789,0.29927
2790,0.20575197
2791,0.17424749
2798,0.19551744
2800,0.19551744
2804,0.48279324
2805,0.27702522
2806,0.71399826
2809,0.72685176
2810,0.27702522
2812,0.27702522
2814,0.9995315
2816,0.20231102
2818,0.27702522
2823,0.5163589
2824,0.9618065
2834,0.9432882
2837,0.24398886
2840,0.27702522
2845,0.992706
2847,0.83140445
2848,0.72685176
2850,0.23462044
2859,0.57065153
2862,0.5081005
2868,0.31823188
2874,0.4201779
2876,0.52403903
2892,0.22898285
2894,0.5880264
2897,0.31630933
2901,0.59594923
2903,0.20289639
2904,0.27139097
2906,0.5583635
2914,0.19655189
2918,0.05520749
2919,0.28419414
2923,0.2867912
2926,0.20228249
2928,0.27139097
2930,0.3163644
2938,0.36902732
2940,0.25727096
2949,0.07530932
2951,0.19834825
2958,0.263283
2961,0.38207924
2962,0.38207924
2964,0.367128
2966,0.21856043
2967,0.367128
2968,0.2581423
2972,0.0795287
2977,0.15011375
2978,0.28419414
2979,0.06373082
2981,0.12098374
2985,0.82412505
2986,0.21856043
2989,0.53795207
2994,0.27139097
2996,0.9073395
2997,0.24610925
2999,0.21856043
3002,0.18301229
3007,0.27139097
3008,0.14667527
3017,0.2096021
3020,0.34077534
3024,0.27139097
3028,0.1966644
3031,0.591448
3032,0.691974
3033,0.45013124
3035,0.27139097
3040,0.3527321
3041,0.60141075
3046,0.37925655
3050,0.36890423
3063,0.36743742
3065,0.58829015
3067,0.36743742
3069,0.38844898
3076,0.88008386
3078,0.53722847
3081,0.6659109
3087,0.8139181
3088,0.28419414
3094,0.3733991
3096,0.524883
3098,0.7426266
3103,0.77369606
3110,0.8764845
3113,0.75182045
3121,0.9206741
3127,0.97978216
3128,0.8721921
3129,0.97583985
3135,0.97428846
3143,0.9757371
3146,0.99774855
3148,0.9802899
3149,0.8639709
3151,0.97583985
3156,0.28419414
3160,0.11496835
3164,0.24459931
3169,0.28419414
3178,0.17529446
3187,0.13184847
3194,0.28419414
3202,0.38782364
3203,0.18916333
3204,0.28419414
3206,0.6117955
3207,0.19904663
3208,0.20941782
3209,0.86638725
3213,0.29133698
3214,0.40134114
3215,0.19904663
3220,0.19904663
3223,0.18916333
3224,0.19904663
3226,0.23336886
3228,0.28419414
3230,0.23336886
3232,0.14283465
3233,0.19904663
3234,0.08406432
3238,0.23336886
3246,0.361207
3247,0.7570841
3250,0.51181865
3251,0.38489634
3254,0.20754133
3257,0.5885829
3258,0.12916109
3261,0.38782364
3267,0.09061413
3268,0.54498297
3269,0.050992656
3271,0.08795743
3272,0.32073364
3273,0.19476777
3279,0.0765201
3290,0.28419414
3291,0.37278318
3293,0.12916109
3294,0.13284941
3298,0.13315497
3305,0.56605643
3306,0.20289639
3307,0.27139097
3310,0.19628355
3313,0.40011242
3314,0.19628355
3315,0.15366662
3316,0.2194079
3321,0.8595487
3325,0.09133993
3326,0.27139097
3327,0.18844119
3330,0.568404
3331,0.28419414
3332,0.28419414
3333,0.20901379
3343,0.20176233
3344,0.21775118
3348,0.12596181
3349,0.19628355
3350,0.050195094
3352,0.071509205
3353,0.40731463
3354,0.18397883
3358,0.36121193
3360,0.27139097
3366,0.20788428
3371,0.28419414
3374,0.3841749
3375,0.07368706
3378,0.40612864
3382,0.28419414
3384,0.04470585
3385,0.27139097
3386,0.3698786
3392,0.27139097
3399,0.28419414
3407,0.28419414
3409,0.28419414
3416,0.5223512
3420,0.19612925
3422,0.9072821
3424,0.28419414
3426,0.8087904
3427,0.28419414
3434,0.18563396
3438,0.28419414
3441,0.27139097
3442,0.37525466
3443,0.28419414
3444,0.36047646
3449,0.28419414
3453,0.88095874
3454,0.28419414
3456,0.94924414
3457,0.7549034
3458,0.9031572
3461,0.88095874
3467,0.37444726
3479,0.40423003
3488,0.953537
3491,0.8135567
3496,0.9665241
3502,0.525271
3507,0.98345643
3511,0.8267564
3515,0.9928832
3516,0.9812245
3538,0.8267564
3539,0.91973656
3541,0.9812198
3545,0.8801074
3546,0.9928832
3547,0.51831514
3551,0.99672675
3553,0.09855967
3556,0.28419414
3558,0.18773007
3559,0.36933452
3561,0.21065703
3562,0.12871985
3563,0.20822477
3564,0.18244804
3571,0.40270692
3574,0.093590975
3576,0.27139097
3577,0.4260985
3579,0.5704824
3580,0.57914937
3586,0.28419414
3590,0.28419414
3599,0.28419414
3600,0.27139097
3601,0.23059721
3605,0.28419414
3606,0.19385469
3612,0.28419414
3614,0.091622695
3615,0.28419414
3616,0.1366659
3620,0.777531
3622,0.35525787
3624,0.28419414
3630,0.5009431
3644,0.28419414
3649,0.28419414
3651,0.04905179
3654,0.23574005
3665,0.19372278
3668,0.10160832
3671,0.08172795
3672,0.23336886
3673,0.18597536
3677,0.21213207
3678,0.28419414
3687,0.17582646
3688,0.18702143
3693,0.28419414
3698,0.27139097
3699,0.34301236
3701,0.902007
3703,0.28419414
3706,0.27139097
3707,0.28419414
3709,0.38114202
3711,0.5155385
3714,0.39410743
3716,0.28419414
3720,0.7190267
3728,0.9534714
3731,0.40011242
3732,0.13446996
3733,0.4759537
3734,0.41096485
3740,0.6740126
3746,0.28419414
3749,0.28419414
3751,0.27139097
3755,0.07397343
3757,0.28419414
3762,0.6779752
3767,0.28419414
3769,0.5423844
3779,0.27139097
3781,0.28419414
3782,0.27139097
3783,0.8737033
3784,0.51224416
3790,0.31076178
3791,0.66388524
3792,0.9112204
3794,0.28419414
3799,0.18072015
3801,0.28419414
3804,0.28419414
3808,0.27139097
3809,0.28419414
3811,0.20788428
3813,0.28419414
3817,0.28419414
3818,0.28419414
3823,0.18251237
3843,0.13659938
3844,0.28419414
3846,0.28419414
3847,0.65013695
3852,0.27139097
3854,0.27139097
3856,0.27139097
3863,0.27139097
3865,0.28419414
3867,0.27139097
3871,0.27139097
3872,0.27139097
3878,0.27139097
3880,0.27139097
3881,0.27139097
3882,0.5419997
3883,0.27139097
3884,0.33002445
3885,0.27139097
3886,0.27139097
3890,0.2630786
3891,0.34428668
3898,0.8370138
3902,0.18725322
3909,0.3909858
3910,0.32629895
3912,0.3909858
3915,0.9022078
3918,0.2814353
3920,0.9022078
3925,0.8602155
3928,0.05127694
3929,0.2796946
3930,0.9076963
3931,0.4195149
3934,0.28292006
3939,0.2557877
3941,0.28106976
3942,0.3909858
3943,0.27139097
3946,0.1247128
3963,0.28419414
3965,0.68184304
3966,0.19372278
3971,0.14628501
3972,0.91298825
3974,0.28419414
3976,0.46168706
3978,0.28419414
3981,0.19371343
3985,0.32093906
3986,0.28419414
3987,0.84422153
3988,0.9677147
3991,0.9380916
3999,0.28419414
4001,0.51476187
4002,0.724502
4004,0.50074613
4007,0.5701725
4009,0.51831514
4013,0.616852
4015,0.3523152
4016,0.77775705
4023,0.51831514
4031,0.51831514
4035,0.67857575
4036,0.616852
4037,0.32851136
4040,0.9818108
4048,0.37461072
4053,0.7390386
4056,0.7390386
4059,0.33754417
4066,0.7474187
4067,0.18715355
4069,0.10127312
4070,0.28306994
4071,0.9640867
4073,0.7022407
4074,0.2702983
4075,0.6842654
4082,0.7390386
4090,0.22048445
4099,0.8689558
4102,0.55468875
4106,0.28419414
4109,0.28419414
4110,0.9140673
4115,0.68113095
4118,0.8760541
4120,0.86798704
4125,0.66711134
4126,0.82996047
4130,0.93619597
4134,0.8760541
4136,0.9582824
4137,0.7270099
4144,0.6205354
4148,0.13535362
4151,0.12331534
4155,0.04668645
4162,0.18697156
4165,0.3251706
4169,0.27139097
4174,0.26615104
4179,0.39660162
4185,0.11172504
4186,0.27957657
4187,0.28419414
4188,0.25059918
4190,0.2038171
4192,0.28419414
4193,0.18951172
4194,0.27139097
4195,0.21147516
4196,0.19632027
4207,0.9256361
4208,0.87474877
4215,0.9256361
4217,0.9256361
4222,0.12574796
4223,0.82095206
4226,0.26398405
4228,0.27139097
4229,0.53200036
4231,0.9602892
4234,0.28419414
4236,0.28419414
4249,0.06494336
4254,0.27139097
4258,0.53483325
4259,0.30732867
4263,0.17069004
4267,0.16959055
4277,0.38021976
4278,0.27139097
4280,0.28419414
4283,0.13184847
4285,0.28419414
4286,0.27139097
4287,0.28419414
4290,0.7536578
4291,0.2171292
4294,0.27139097
4302,0.584152
4308,0.89447236
4310,0.14658773
4311,0.83275676
4315,0.70508736
4316,0.07067631
4319,0.41989353
4331,0.5565914
4338,0.9364834
4339,0.88864595
4340,0.8840127
4344,0.9264165
4346,0.7797667
4347,0.83275676
4360,0.8499861
4364,0.94980043
4367,0.78012735
4369,0.5709374
4370,0.8223879
4371,0.15462911
4380,0.91184676
4386,0.28419414
4389,0.78012735
4390,0.78012735
4394,0.3942446
4399,0.27476832
4400,0.102073
4404,0.28419414
4409,0.29293236
4414,0.08050883
4417,0.28419414
4418,0.21574794
4419,0.113191985
4420,0.31877324
4422,0.18205737
4429,0.87367547
4431,0.14601357
4433,0.35513034
4434,0.28419414
4439,0.19419865
4443,0.18262468
4446,0.28419414
4447,0.08536193
4453,0.17079507
4460,0.27139097
4461,0.55232275
4462,0.18153208
4467,0.17513798
4469,0.68538845
4473,0.19613886
4474,0.301867
4475,0.08438117
4477,0.12223243
4481,0.28419414
4483,0.20570692
4484,0.1885753
4485,0.27139097
4495,0.18032908
4497,0.24545255
4500,0.36658773
4501,0.40991905
4502,0.33430928
4505,0.27139097
4506,0.34866032
4510,0.34866032
4512,0.58955204
4513,0.3313766
4532,0.34866032
4535,0.44279116
4536,0.26647407
4540,0.34866032
4545,0.27739546
4552,0.88335997
4554,0.95830476
4555,0.24078278
4558,0.8936695
4559,0.78690183
4560,0.05745266
4566,0.18032908
4570,0.24515778
4572,0.4440709
4574,0.16157435
4581,0.97070247
4583,0.9528285
4586,0.9145874
4591,0.92276925
4594,0.25051123
4603,0.34600636
4605,0.23577599
4612,0.3596686
4613,0.34600636
4615,0.25057325
4618,0.23877943
4621,0.3536684
4623,0.34866032
4626,0.21768898
4629,0.25057325
4633,0.7773783
4636,0.28419414
4638,0.1699126
4640,0.28419414
4643,0.28419414
4645,0.28419414
4647,0.25057325
4648,0.20841946
4651,0.28419414
4652,0.22567338
4653,0.27139097
4654,0.28419414
4660,0.18916333
4662,0.18916333
4663,0.18916333
4665,0.5537095
4668,0.21497445
4676,0.13276537
4683,0.9340125
4685,0.40235427
4686,0.27139097
4701,0.38253024
4718,0.84405375
4721,0.81719947
4727,0.24437416
4728,0.7294259
4733,0.9581256
4741,0.6249097
4743,0.7429285
4746,0.27139097
4751,0.083190165
4756,0.92505515
4761,0.5572534
4763,0.37851375
4764,0.9158243
4767,0.6356442
4772,0.83918273
4776,0.81300956
4780,0.9866905
4781,0.82662475
4792,0.9287589
4796,0.758045
4801,0.99080324
4804,0.66055113
4805,0.83918273
4806,0.97011864
4811,0.6060957
4815,0.8992607
4816,0.72319096
4817,0.7524692
4818,0.33690602
4822,0.72319096
4824,0.7869705
4827,0.9643149
4837,0.29214036
4838,0.9300964
4839,0.85150886
4841,0.8566619
4851,0.95288664
4855,0.7357842
4861,0.12639725
4862,0.113681264
4863,0.09913869
4865,0.1500852
4871,0.14212415
4873,0.12163885
4880,0.08385845
4885,0.14212415
4886,0.059596
4902,0.120742396
4904,0.074029885
4907,0.28419414
4916,0.37756658
4921,0.2860808
4925,0.20177624
4927,0.19865756
4928,0.23676558
4930,0.28419414
4932,0.08378257
4933,0.17760345
4937,0.53646
4939,0.96994317
4941,0.47448745
4942,0.21105887
4947,0.19217877
4949,0.27139097
4950,0.28419414
4956,0.09314953
4960,0.5454132
4963,0.6923842
4965,0.68898326
4976,0.113898724
4977,0.113898724
4987,0.36547104
4991,0.7997489
4994,0.37045434
4999,0.44552445
5003,0.8421057
5006,0.294664
5009,0.27139097
5011,0.54214585
5012,0.91980773
5014,0.1359288
5020,0.2923563
5021,0.3024251
5023,0.4665379
5026,0.19757004
5030,0.28419414
5031,0.25451306
5036,0.41213074
5042,0.33695093
5045,0.38465363
5048,0.39986762
5051,0.28419414
5053,0.37851375
5054,0.37846544
5057,0.18215714
5058,0.18397883
5066,0.9122644
5070,0.91724026
5077,0.28236753
5081,0.26961565
5084,0.2917799
5086,0.28419414
5090,0.30965367
5091,0.28236753
5093,0.43926498
5100,0.5109588
5108,0.91724026
5111,0.7927978
5112,0.5544242
5118,0.17558652
5121,0.8633661
5123,0.8707223
5129,0.89543986
5133,0.58003813
5143,0.18517904
5147,0.2161499
5151,0.83461326
5156,0.9313225
5158,0.8707223
5161,0.27139097
5163,0.27139097
5167,0.28419414
5173,0.6608401
5205,0.28419414
5214,0.28419414
5215,0.28419414
5216,0.20360456
5217,0.27139097
5225,0.27139097
5237,0.27139097
5239,0.36775804
5240,0.13376726
5241,0.27139097
5246,0.28419414
5250,0.28419414
5253,0.27139097
5258,0.3255612
5261,0.28419414
5268,0.28419414
5275,0.19500358
5277,0.48975822
5279,0.20122828
5288,0.08291522
5289,0.14834058
5294,0.535521
5303,0.28419414
5307,0.28419414
5311,0.5477128
5312,0.25059918
5314,0.4194582
5318,0.42007798
5327,0.51581866
5329,0.5049315
5333,0.2095607
5334,0.62400424
5340,0.52553326
5348,0.4194582
5358,0.4998676
5360,0.5362962
5361,0.20357999
5363,0.77888495
5364,0.39796415
5369,0.74695885
5370,0.28854498
5374,0.77888495
5376,0.6660989
5388,0.34098086
5390,0.5913277
5393,0.4194582
5394,0.65175617
5395,0.51581866
5398,0.65175617
5399,0.85629714
5401,0.58003926
5402,0.9168122
5405,0.4194582
5414,0.37756658
5415,0.28419414
5419,0.41213074
5421,0.28419414
5422,0.27139097
5424,0.19481947
5427,0.51581866
5429,0.40671608
5431,0.51581866
5433,0.28419414
5434,0.65359163
5435,0.27139097
5436,0.2095607
5438,0.51961446
5440,0.39660162
5441,0.42220402
5447,0.27909166
5451,0.28419414
5453,0.30048522
5456,0.535521
5457,0.6857914
5463,0.27139097
5464,0.4998676
5470,0.7723514
5472,0.19961236
5474,0.18614377
5478,0.113898724
5483,0.2038171
5490,0.21765222
5500,0.28419414
5504,0.27139097
5508,0.13184847
5511,0.17096381
5512,0.19419865
5513,0.18020098
5516,0.26026988
5523,0.12412136
5527,0.12571612
5530,0.18020098
5533,0.585689
5536,0.3870691
5537,0.113898724
5542,0.24305038
5543,0.18020098
5546,0.17096381
5549,0.18020098
5550,0.09118309
5551,0.17096381
5562,0.19242738
5566,0.27139097
5568,0.27139097
5571,0.9093268
5572,0.714102
5574,0.28419414
5583,0.18270315
5585,0.28419414
5591,0.5878582
5596,0.28419414
5597,0.19242738
5601,0.85868806
5606,0.41028684
5607,0.19242738
5610,0.19242738
5615,0.36121193
5616,0.97451866
5623,0.48023188
5630,0.45447132
5636,0.7565141
5637,0.27139097
5639,0.2171292
5640,0.5912048
5643,0.86803305
5648,0.5537929
5649,0.55753
5660,0.34623155
5666,0.8767576
5667,0.7935713
5678,0.7499203
5679,0.4431046
5681,0.35676497
5682,0.7556558
5691,0.18526693
5696,0.9957717
5697,0.9118215
5700,0.74367976
5701,0.042264357
5702,0.46407056
5708,0.7556558
5709,0.60068446
5718,0.8525819
5723,0.56390834
5725,0.613651
5728,0.92712003
5731,0.94157994
5735,0.5481537
5737,0.7733786
5738,0.28419414
5742,0.88385653
5747,0.5972477
5749,0.8712352
5750,0.9624584
5755,0.87714833
5756,0.9321072
5761,0.9308587
5762,0.97815096
5767,0.7970045
5768,0.5972477
5770,0.89010864
5773,0.941645
5774,0.27139097
5779,0.56390834
5782,0.49183917
5785,0.11496835
5786,0.53933644
5787,0.98931444
5788,0.7120726
5796,0.28419414
5802,0.1437202
5806,0.9447614
5809,0.37814656
5810,0.28419414
5811,0.97913134
5813,0.86954045
5820,0.28419414
5823,0.28419414
5830,0.84909165
5831,0.28419414
5838,0.53933644
5839,0.6044071
5844,0.70296156
5846,0.8119367
5851,0.70296156
5852,0.83530605
5857,0.49445388
5859,0.63150835
5860,0.9741542
5862,0.5908238
5865,0.70296156
5866,0.70296156
5871,0.97466063
5872,0.6124307
5877,0.9730357
5878,0.9053707
5879,0.70296156
5880,0.28265002
5895,0.068383045
5897,0.10673103
5910,0.112970605
5914,0.16205445
5915,0.18444952
5917,0.03711822
5924,0.112970605
5926,0.16205445
5931,0.07814086
5936,0.28419414
5940,0.12487829
5941,0.2095607
5945,0.26200852
5946,0.27139097
5948,0.6881619
5951,0.43869847
5967,0.27139097
5968,0.28419414
5969,0.18096934
5970,0.28419414
5971,0.28419414
5973,0.28419414
5976,0.27139097
5977,0.28419414
5984,0.3580578
5986,0.27139097
5993,0.4016387
5994,0.41306046
6005,0.28419414
6006,0.56952816
6008,0.27139097
6010,0.55381596
6011,0.55598503
6014,0.28419414
6016,0.27139097
6018,0.08080881
6021,0.27139097
6025,0.38280755
6028,0.28419414
6029,0.3313766
6035,0.57629883
6040,0.10741621
6042,0.37366304
6044,0.4849162
6046,0.47845593
6052,0.47845593
6054,0.57629883
6062,0.82621807
6063,0.57629883
6067,0.7604209
6068,0.6825598
6077,0.5606431
6079,0.5597912
6080,0.46255648
6081,0.9726341
6082,0.74860066
6089,0.18737708
6095,0.037716158
6101,0.116547786
6107,0.281387
6114,0.084323846
6117,0.11706774
6121,0.18663985
6122,0.28419414
6124,0.33094758
6129,0.21829051
6131,0.27139097
6136,0.6258149
6139,0.2001528
6142,0.3636199
6143,0.7135293
6144,0.7135293
6149,0.37851375
6155,0.7135293
6157,0.28419414
6158,0.21168314
6161,0.28419414
6168,0.28419414
6172,0.27139097
6176,0.28419414
6177,0.27139097
6179,0.7135293
6180,0.67837954
6182,0.27139097
6186,0.30356872
6189,0.30356872
6190,0.27139097
6194,0.93231547
6204,0.3533697
6205,0.27139097
6209,0.25312018
6210,0.29024664
6212,0.27139097
6214,0.77564305
6221,0.42395785
6225,0.76434106
6228,0.4779376
6229,0.30356872
6231,0.35545942
6235,0.3163644
6236,0.27139097
6237,0.80852276
6238,0.47948498
6239,0.28419414
6242,0.28419414
6249,0.28419414
6250,0.28419414
6251,0.4016387
6252,0.81820977
6260,0.2724081
6264,0.5177303
6266,0.5336432
6270,0.122463375
6275,0.28419414
6279,0.27139097
6280,0.28419414
6284,0.28419414
6285,0.2324292
6286,0.60272366
6287,0.6692039
6288,0.24411899
6289,0.5730448
6290,0.16341054
6291,0.62928647
6295,0.33695123
6298,0.7337945
6307,0.642463
6308,0.2185522
6309,0.7611754
6313,0.18568346
6316,0.5722264
6319,0.20614745
6321,0.5537522
6324,0.41545194
6327,0.2324292
6333,0.642463
6351,0.50407696
6352,0.6917664
6353,0.64354193
6357,0.6917664
6359,0.2182088
6360,0.55505574
6364,0.28419414
6367,0.6574347
6368,0.5624151
6377,0.50889236
6378,0.50889236
6379,0.25082037
6381,0.8726206
6390,0.8334115
6401,0.27759755
6408,0.3230258
6409,0.5374884
6411,0.28419414
6419,0.61112666
6424,0.8199873
6426,0.69254297
6428,0.28419414
6431,0.19834825
6432,0.6565507
6433,0.4628368
6435,0.8108547
6437,0.44357818
6439,0.93209326
6442,0.5391025
6444,0.661211
6447,0.450555
6456,0.627436
6457,0.18517965
6460,0.25379694
6468,0.107628055
6471,0.918321
6475,0.32682574
6476,0.8108547
6479,0.8108547
6483,0.9953804
6487,0.4194582
6488,0.28419414
6489,0.27139097
6496,0.41213074
6498,0.25940463
6502,0.27139097
6503,0.27139097
6507,0.37098062
6508,0.2645257
6509,0.20901379
6517,0.27139097
6521,0.13185173
6522,0.33276215
6524,0.21870765
6526,0.13184847
6531,0.9351423
6533,0.2965538
6538,0.66442007
6539,0.3580578
6544,0.7246613
6557,0.20368023
6558,0.19352365
6562,0.19352365
6563,0.07195048
6564,0.20575297
6574,0.28419414
6578,0.05576152
6581,0.19352365
6584,0.29570735
6587,0.41580272
6589,0.083039284
6590,0.036988854
6592,0.1904736
6595,0.13017155
6599,0.13017155
6600,0.030888228
6606,0.06257949
6609,0.13017155
6612,0.13017155
6615,0.25434783
6618,0.08098942
6620,0.06614896
6623,0.13715528
6633,0.10219989
6639,0.7451544
6640,0.4400322
6641,0.6835459
6645,0.27139097
6650,0.28419414
6651,0.27139097
6652,0.5038261
6657,0.27139097
6659,0.3013899
6666,0.77599007
6671,0.17513798
6673,0.6774176
6674,0.19918421
6677,0.18862699
6680,0.28419414
6684,0.12918212
6685,0.27139097
6691,0.18697156
6692,0.27139097
6696,0.34866032
6698,0.27139097
6704,0.48644975
6705,0.28419414
6710,0.11889726
6713,0.27139097
6715,0.4119718
6717,0.28419414
6718,0.1433616
6720,0.28419414
6728,0.38174862
6732,0.19842291
6733,0.27139097
6739,0.07642572
6740,0.4525743
6741,0.19043124
6743,0.27139097
6747,0.27139097
6750,0.6968324
6752,0.7362822
6753,0.548041
6755,0.6968324
6761,0.23880455
6763,0.28419414
6768,0.27139097
6770,0.27139097
6771,0.2889115
6777,0.548041
6778,0.28419414
6780,0.18208966
6782,0.5299921
6786,0.6968324
6791,0.28419414
6797,0.27139097
6798,0.28419414
6803,0.13204858
6805,0.28419414
6812,0.28419414
6816,0.28419414
6818,0.28419414
6822,0.28419414
6825,0.28419414
6826,0.28419414
6827,0.28419414
6829,0.28419414
6831,0.16242951
6836,0.18208966
6838,0.13667138
6840,0.19178888
6842,0.2632283
6846,0.28419414
6851,0.8733012
6853,0.8555446
6856,0.09876248
6859,0.7051111
6865,0.7250984
6866,0.8532036
6868,0.9988035
6869,0.83345044
6871,0.9782956
6873,0.5710671
6886,0.75018233
6887,0.6285433
6888,0.83345044
6889,0.99216706
6891,0.595594
6894,0.47608262
6895,0.5937545
6899,0.31649306
6901,0.35913396
6902,0.5885829
6904,0.5489215
6906,0.60179526
6922,0.5681072
6923,0.28419414
6924,0.16643247
6927,0.34457988
6934,0.8097662
6938,0.44358596
6941,0.31649306
6942,0.31341124
6944,0.3181658
6947,0.19367507
6952,0.7225284
6957,0.7225284
6958,0.8121221
6964,0.7351408
6968,0.36895308
6969,0.8794876
6976,0.2977242
6982,0.5876764
6986,0.7581719
6987,0.855931
6989,0.7351408
6991,0.8148967
6993,0.17889139
6995,0.13887045
6997,0.19986711
7000,0.19986711
7003,0.13128111
7004,0.08578446
7007,0.46737784
7011,0.32181215
7014,0.13161628
7016,0.19986711
7017,0.27139097
7020,0.19986711
7022,0.13887045
7028,0.13887045
7033,0.58456165
7034,0.43849483
7035,0.29301527
7038,0.124171756
7040,0.1314123
7041,0.19986711
7042,0.07038547
7045,0.27139097
7049,0.27139097
7055,0.27139097
7057,0.69589347
7062,0.38489503
7064,0.42790088
7066,0.122432575
7067,0.28419414
7072,0.17845674
7079,0.25059918
7082,0.5641931
7083,0.28419414
7084,0.22392033
7085,0.28419414
7087,0.23880455
7090,0.28419414
7094,0.23574005
7096,0.5845694
7099,0.18337888
7100,0.14216128
7101,0.18337888
7102,0.18337888
7103,0.20854788
7107,0.2831333
7110,0.19820896
7113,0.19313058
7117,0.13224266
7119,0.18337888
7123,0.18337888
7127,0.12723143
7133,0.48615053
7139,0.18337888
7143,0.19313058
7145,0.47860515
7151,0.28419414
7152,0.17887378
7153,0.28419414
7156,0.2095607
7162,0.08700635
7170,0.58056563
7172,0.28419414
7177,0.50531554
7181,0.7526009
7182,0.7526009
7189,0.3139059
7190,0.2966404
7200,0.79383993
7207,0.67934036
7209,0.28419414
7212,0.53565836
7216,0.53565836
7217,0.28419414
7219,0.7324915
7220,0.53565836
7222,0.6523765
7225,0.53565836
7233,0.3397406
7237,0.34445798
7238,0.8936412
7239,0.9719952
7240,0.53565836
7243,0.98554325
7245,0.8130562
7246,0.8133809
7249,0.9062588
7257,0.7351258
7258,0.94972444
7259,0.96558994
7262,0.5152986
7263,0.62893605
7269,0.5094584
7271,0.41271305
7273,0.62893605
7276,0.2956208
7279,0.6234476
7282,0.8882033
7284,0.9807443
7293,0.7448689
7298,0.6976689
7303,0.09308395
7304,0.2775775
7305,0.28419414
7308,0.34978276
7313,0.20906547
7314,0.3304608
7321,0.27899498
7322,0.54005086
7327,0.27139097
7333,0.20620614
7336,0.7351258
7339,0.36919424
7341,0.40087214
7346,0.24545255
7347,0.28419414
7349,0.40691113
7351,0.19217877
7353,0.064776585
7363,0.17719409
7364,0.33626094
7368,0.8103706
7370,0.5885829
7375,0.23127204
7376,0.21168314
7379,0.28419414
7382,0.28419414
7384,0.04851984
7385,0.1247128
7387,0.27139097
7388,0.22443533
7389,0.20228249
7394,0.19865756
7396,0.20215423
7398,0.12572877
7399,0.33366856
7401,0.074290246
7404,0.20215423
7406,0.54068893
7409,0.20215423
7411,0.20215423
7417,0.12666492
7420,0.14027876
7422,0.060467787
7423,0.09717216
7427,0.5647507
7429,0.25524944
7432,0.20215423
7435,0.11449364
7436,0.9648646
7440,0.97386533
7441,0.20215423
7445,0.19572727
7448,0.18587467
7449,0.25861493
7450,0.46472657
7454,0.27139097
7455,0.28419414
7460,0.18587467
7462,0.37756658
7464,0.22433762
7466,0.1283682
7468,0.12045481
7469,0.13568059
7471,0.19572727
7472,0.2081094
7483,0.13568059
7484,0.13568059
7485,0.19572727
7486,0.28419414
7487,0.17904274
7489,0.9260235
7492,0.19572727
7495,0.8880993
7499,0.87122065
7500,0.87821347
7506,0.9605861
7508,0.6343901
7509,0.6457672
7511,0.96293277
7516,0.8308325
7524,0.7561325
7538,0.64483654
7539,0.87821347
7541,0.96293277
7546,0.8749698
7549,0.96073097
7562,0.9582509
7564,0.82747024
7567,0.28419414
7572,0.9582509
7574,0.96073097
7575,0.96073097
7586,0.9582509
7592,0.9582509
7596,0.28419414
7597,0.6570185
7599,0.19986711
7606,0.40974885
7615,0.28419414
7618,0.19213903
7620,0.19842291
7624,0.28419414
7625,0.28419414
7629,0.38280755
7632,0.27139097
7636,0.28419414
7637,0.28419414
7646,0.28419414
7655,0.17258567
7658,0.11208296
7660,0.15651853
7664,0.20207755
7665,0.08115553
7666,0.13390712
7667,0.19198161
7673,0.20207755
7676,0.14422199
7682,0.20918167
7684,0.13074175
7690,0.13390712
7697,0.082873456
7700,0.07598929
7704,0.18141463
7705,0.069278084
7706,0.11314837
7708,0.10690014
7709,0.11314837
7710,0.3291264
7713,0.1103172
7716,0.10655072
7726,0.030306954
7729,0.4768539
7730,0.09202392
7732,0.05243859
7734,0.082873456
7740,0.10690014
7741,0.13894252
7745,0.7760121
7757,0.8687057
7762,0.6219411
7770,0.84145904
7776,0.60682124
7777,0.28419414
7778,0.9480463
7779,0.334675
7782,0.48072973
7786,0.8462343
7791,0.6219411
7792,0.29121828
7794,0.73143214
7795,0.27935332
7796,0.27139097
7798,0.1985788
7805,0.26668698
7806,0.27139097
7808,0.27139097
7811,0.06985888
7814,0.1985788
7819,0.27935332
7820,0.6269239
7825,0.1985788
7829,0.28419414
7834,0.1985788
7836,0.1985788
7838,0.28419414
7841,0.1985788
7845,0.53911066
7846,0.21851219
7853,0.21851219
7856,0.090208866
7858,0.120864116
7859,0.53915375
7866,0.28419414
7875,0.95024544
7879,0.11205253
7884,0.28419414
7886,0.6959858
7890,0.1080451
7892,0.11424472
7896,0.24015807
7899,0.8811613
7900,0.97624546
7901,0.38782364
7904,0.34866032
7911,0.4212733
7917,0.5477753
7919,0.3319834
7920,0.8582712
7921,0.9930086
7922,0.1247128
7925,0.99799263
7927,0.68119496
7928,0.9930086
7931,0.32542485
7942,0.17445002
7946,0.9930086
7947,0.5739498
7948,0.41588175
7951,0.31798366
7956,0.44930553
7961,0.9574598
7964,0.9873226
7966,0.9547829
7967,0.28419414
7974,0.9754556
7975,0.28419414
7979,0.97388023
7985,0.9662899
7986,0.9951196
7993,0.28419414
7995,0.9547829
7997,0.12480972
7998,0.97388023
8004,0.97388023
8007,0.97388023
8011,0.24772182
8014,0.60199606
8022,0.240518
8027,0.38745463
8033,0.7322595
8041,0.240518
8042,0.80865467
8046,0.71125287
8048,0.80865467
8050,0.7322595
8051,0.80865467
8052,0.4409456
8053,0.7322595
8054,0.71125287
8059,0.5706028
8063,0.62400424
8072,0.14554812
8075,0.0478444
8076,0.20514458
8077,0.93547714
8078,0.8693102
8080,0.27139097
8082,0.19807021
8086,0.1938847
8090,0.4998676
8092,0.17345405
8093,0.3917661
8099,0.8250808
8104,0.34780723
8107,0.4537086
8108,0.11304069
8114,0.33717436
8115,0.60763526
8117,0.9278168
8123,0.8762705
8124,0.6745922
8127,0.78117245
8132,0.6110628
8134,0.8059754
8139,0.48672917
8145,0.66951835
8148,0.97922826
8151,0.94363856
8152,0.9540537
8153,0.43499744
8157,0.19213903
8160,0.97860533
8166,0.95109785
8167,0.94363856
8173,0.7867903
8174,0.94363856
8178,0.9607462
8179,0.27139097
8185,0.38070518
8186,0.94363856
8192,0.38583958
8193,0.28419414
8194,0.11105906
8197,0.27139097
8198,0.27139097
8199,0.27139097
8200,0.2001528
8206,0.36512142
8207,0.38004005
8220,0.28419414
8222,0.27139097
8227,0.11121929
8228,0.27139097
8229,0.28419414
8230,0.6219411
8233,0.6219411
8248,0.46704456
8249,0.8014483
8255,0.1103674
8260,0.8114098
8263,0.6235611
8265,0.4789898
8268,0.517555
8269,0.67082024
8272,0.52823657
8273,0.4855535
8275,0.4286576
8277,0.28419414
8281,0.12596183
8282,0.7239868
8290,0.41310224
8293,0.38070518
8299,0.5454132
8302,0.4553735
8303,0.18652502
8305,0.18652502
8306,0.115588464
8307,0.17703366
8308,0.18652502
8313,0.5656314
8316,0.4553735
8319,0.14960945
8322,0.6974727
8323,0.5454132
8325,0.27139097
8326,0.19865756
8327,0.27139097
8328,0.38300622
8331,0.18652502
8333,0.81908476
8336,0.38300622
8338,0.4553735
8340,0.18652502
8342,0.029897306
8343,0.1454163
8353,0.014946713
8354,0.07509781
8357,0.08201769
8358,0.111533836
8359,0.07942402
8373,0.1180171
8376,0.011257844
8379,0.08449452
8380,0.111533836
8381,0.09531359
8384,0.09680454
8395,0.89965826
8398,0.89374775
8403,0.2703988
8407,0.89965826
8413,0.89965826
8417,0.89965826
8420,0.89965826
8421,0.219697
8424,0.89965826
8426,0.89965826
8427,0.89965826
8438,0.89965826
8439,0.09952171
8442,0.021830566
8449,0.13900292
8456,0.08839397
8460,0.15017161
8462,0.19015573
8465,0.055710282
8466,0.13900292
8467,0.20017946
8469,0.036547247
8470,0.27139097
8474,0.20017946
8479,0.05279531
8481,0.1664077
8482,0.10270261
8485,0.20017946
8488,0.20017946
8492,0.28365558
8493,0.2968017
8495,0.05007767
8499,0.05631434
8501,0.13596146
8519,0.19070712
8521,0.08405568
8525,0.1932731
8527,0.13184847
8529,0.19070712
8532,0.17222588
8534,0.05844958
8535,0.19193454
8537,0.07865529
8544,0.19320568
8548,0.122847944
8549,0.19320568
8552,0.03147232
8554,0.19320568
8563,0.27420676
8564,0.19320568
8565,0.19320568
8566,0.0990082
8568,0.20334983
8569,0.18262468
8573,0.19320568
8583,0.087264344
8588,0.059221037
8590,0.20334983
8592,0.2271839
8593,0.3905854
8594,0.42877236
8597,0.18861634
8600,0.5284306
8601,0.21376202
8602,0.40587926
8603,0.40587926
8604,0.40587926
8605,0.40587926
8611,0.83474445
8614,0.5548227
8616,0.5284306
8617,0.3905854
8619,0.9053024
8626,0.7341751
8629,0.28699982
8630,0.40686005
8632,0.3905854
8634,0.5125023
8641,0.3920155
8645,0.57927376
8649,0.8361129
8652,0.8954525
8666,0.8741355
8671,0.48621765
8672,0.8414458
8675,0.48621765
8678,0.7341775
8679,0.82866603
8682,0.48621765
8687,0.96707505
8701,0.1348699
8703,0.2095607
8707,0.28574717
8713,0.13524617
8716,0.13342173
8719,0.0831854
8725,0.5950367
8730,0.20180571
8731,0.17556131
8748,0.21574794
8749,0.12162392
8756,0.20501527
8764,0.28419414
8765,0.4488549
8769,0.3657683
8771,0.4488549
8772,0.01406485
8773,0.46905953
8779,0.18215714
8792,0.26744732
8794,0.14079465
8796,0.31194523
8798,0.6100154
8803,0.035589337
8807,0.3098085
8809,0.19138324
8811,0.28419414
8813,0.28419414
8814,0.083019644
8818,0.25522083
8819,0.083019644
8820,0.4997184
8821,0.28419414
8822,0.030608222
8824,0.18169993
8826,0.19138324
8827,0.19138324
8828,0.124238774
8833,0.4998676
8834,0.27139097
8845,0.21825194
8847,0.09395198
8849,0.41568112
8861,0.14036016
8867,0.14702658
8868,0.30043095
8870,0.18616179
8873,0.20755811
8874,0.18929188
8876,0.09649037
8877,0.21825194
8879,0.30043095
8882,0.28419414
8884,0.2050872
8889,0.21825194
8891,0.06419467
8894,0.27139097
8895,0.28419414
8897,0.6185357
8898,0.7093193
8901,0.28419414
8904,0.41763765
8909,0.28419414
8910,0.27468693
8911,0.28419414
8915,0.3981838
8917,0.13720468
8918,0.23048544
8919,0.20323099
8922,0.28419414
8925,0.39166987
8928,0.28419414
8929,0.4016387
8930,0.45657805
8932,0.13422333
8937,0.39299104
8940,0.18262468
8943,0.13404225
8950,0.41914874
8951,0.42990917
8954,0.18274099
8958,0.77786165
8960,0.41721192
8964,0.8159837
8975,0.41914874
8977,0.5169222
8981,0.55070615
8982,0.55070615
8984,0.79336226
8988,0.45009178
8990,0.78270286
8991,0.22443533
8995,0.28419414
8997,0.13935909
9003,0.19155917
9004,0.30647862
9010,0.4021093
9011,0.20163845
9013,0.27139097
9014,0.14193183
9015,0.19155917
9017,0.092636704
9019,0.041441564
9021,0.25402352
9024,0.20163845
9032,0.13512291
9035,0.09800351
9036,0.38686496
9037,0.20163845
9043,0.92756134
9046,0.96158785
9048,0.92756134
9049,0.9570111
9050,0.774567
9056,0.28419414
9063,0.28419414
9065,0.774567
9066,0.92777926
9068,0.13611636
9069,0.9570111
9070,0.28419414
9073,0.5970003
9076,0.92756134
9091,0.28419414
9092,0.93542176
9104,0.95944947
9105,0.9568922
9108,0.9568922
9111,0.95944947
9115,0.95944947
9117,0.9568922
9122,0.9568922
9125,0.95944947
9127,0.93542176
9129,0.8798202
9133,0.95944947
9136,0.95944947
9138,0.8798202
9140,0.95944947
9147,0.9522742
9150,0.9522742
9152,0.9550926
9153,0.9522742
9155,0.9701283
9158,0.89392096
9160,0.9748678
9163,0.9550926
9165,0.9840667
9167,0.8228494
9168,0.72029144
9170,0.9550926
9176,0.9722188
9178,0.99254286
9184,0.9522742
9186,0.9792459
9188,0.932618
9189,0.91450477
9190,0.97953665
9196,0.92515266
9198,0.9387583
9199,0.9676922
9200,0.96112293
9201,0.7869429
9202,0.9517615
9204,0.95610356
9205,0.71432793
9213,0.9517615
9214,0.94874525
9224,0.9781482
9227,0.9715062
9228,0.98863834
9229,0.94874525
9234,0.9517615
9236,0.94874525
9241,0.9517615
9243,0.28419414
9245,0.28419414
9256,0.32266605
9258,0.15074316
9261,0.1247128
9274,0.081575215
9279,0.28419414
9282,0.37077945
9284,0.20085125
9285,0.27139097
9291,0.064774014
9295,0.28419414
9299,0.071498334
9302,0.21376202
9304,0.27139097
9305,0.3073332
9306,0.13009943
9310,0.07166936
9312,0.26968977
9316,0.28419414
9318,0.37128237
9323,0.46709263
9326,0.28419414
9327,0.27139097
9328,0.20788428
9331,0.38612407
9335,0.28419414
9336,0.27139097
9340,0.038988665
9349,0.97723436
9352,0.12574796
9353,0.091065384
9354,0.37115923
9356,0.23278151
9357,0.06082936
9358,0.28419414
9359,0.1504594
9364,0.28419414
9366,0.965097
9369,0.27139097
9370,0.24437416
9379,0.23657589
9381,0.16692452
9383,0.28419414
9389,0.28419414
9390,0.28419414
9392,0.88550746
9394,0.7307471
9398,0.86095876
9399,0.7180058
9400,0.21947888
9407,0.9734997
9409,0.77268505
9412,0.63758427
9413,0.9484006
9415,0.4038363
9419,0.82735616
9423,0.12739874
9424,0.8610294
9426,0.7307471
9427,0.97316736
9428,0.19371343
9429,0.72279835
9433,0.9123463
9437,0.7762249
9440,0.7307471
9442,0.7833349
9443,0.69179976
9444,0.5322673
9447,0.28419414
9459,0.28419414
9461,0.32833585
9462,0.40204817
9464,0.77230656
9473,0.5108417
9475,0.68987334
9476,0.7833349
9477,0.4737255
9478,0.32833585
9479,0.57719254
9483,0.662351
9487,0.32833585
9494,0.7721809
9497,0.86820215
9498,0.9719302
9506,0.4999476
9512,0.95994925
9514,0.8245727
9515,0.5885829
9516,0.9136867
9517,0.5885829
9518,0.28419414
9521,0.6150468
9523,0.5885829
9527,0.7454156
9528,0.55517197
9530,0.4055175
9532,0.68610495
9534,0.864525
9535,0.28419414
9536,0.98410267
9543,0.28419414
9544,0.27139097
9545,0.1804624
9546,0.26453876
9549,0.21107286
9558,0.20228249
9560,0.24437416
9561,0.28419414
9570,0.27139097
9573,0.19372278
9578,0.1885753
9584,0.27139097
9587,0.27139097
9588,0.19686824
9599,0.30788362
9601,0.24687067
9604,0.24644694
9614,0.9194185
9615,0.9917354
9621,0.9596859
9622,0.7171262
9623,0.82309026
9624,0.3923694
9626,0.9753568
9628,0.99071246
9630,0.19272436
9631,0.8897145
9633,0.82309026
9635,0.96424973
9637,0.8495926
9641,0.3772613
9647,0.8958231
9648,0.96515054
9649,0.3108631
9658,0.19043124
9662,0.9758596
9668,0.9019137
9671,0.27139097
9676,0.9222864
9677,0.96616393
9679,0.2713909
9682,0.40633962
9685,0.055002324
9689,0.53058344
9692,0.53058344
9693,0.4347395
9694,0.28419414
9696,0.43012583
9700,0.27139097
9711,0.9787401
9713,0.24545255
9720,0.28419414
9721,0.96029294
9725,0.3518359
9726,0.28419414
9727,0.46741807
9735,0.12945706
9740,0.9773705
9742,0.9773705
9743,0.27139097
9747,0.9787401
9748,0.9787401
9751,0.9773705
9758,0.3737584
9767,0.13573678
9768,0.19538935
9773,0.27139097
9777,0.27139097
9781,0.13793412
9784,0.27139097
9786,0.28419414
9789,0.28419414
9792,0.27139097
9793,0.3492568
9798,0.28419414
9799,0.19547686
9802,0.2760372
9803,0.19170289
9804,0.08244552
9805,0.49556416
9807,0.38745463
9809,0.14010389
9811,0.28419414
9814,0.28419414
9817,0.38720495
9821,0.28419414
9824,0.2947973
9825,0.45447132
9827,0.5105452
9839,0.9068488
9840,0.04776086
9843,0.2449814
9844,0.28419414
9845,0.5149151
9847,0.40011242
9848,0.19363558
9851,0.5149151
9852,0.4763812
9855,0.28419414
9856,0.27139097
9863,0.0023738546
9867,0.17676234
9871,0.05072538
9876,0.22700101
9879,0.14083171
9882,0.058533046
9891,0.052497834
9892,0.18960215
9893,0.05087677
9895,0.12960194
9899,0.06471847
9900,0.12807018
9902,0.28419414
9903,0.12960194
9904,0.13850655
9908,0.1308631
9913,0.17513798
9914,0.38280755
9917,0.20941782
9922,0.36784476
9924,0.14806908
9926,0.27605793
9927,0.25059918
9928,0.20379658
9929,0.14554812
9936,0.1885753
9939,0.111295745
9947,0.17887378
9951,0.40011242
9954,0.1985788
9956,0.27139097
9957,0.2819698
9959,0.28419414
9962,0.2276998
9964,0.27139097
9966,0.08775436
9968,0.27139097
9969,0.15462911
9970,0.6301779
9975,0.5498893
9977,0.20622261
9981,0.2068434
9993,0.20895128
9996,0.37098062
9997,0.27139097
9999,0.4657814
10002,0.28419414
10007,0.8478813
10015,0.3604147
10019,0.41213074
10022,0.28419414
10024,0.2201378
10026,0.16761956
10033,0.26886728
10043,0.3424077
10046,0.027657263
10051,0.28419414
10053,0.30692533
10062,0.989881
10063,0.9076963
10065,0.9041702
10068,0.9694305
10078,0.84562844
10086,0.87256986
10094,0.7819993
10095,0.90180945
10096,0.67265034
10097,0.93578094
10103,0.9076963
10104,0.9062419
10108,0.25849712
10122,0.17743649
10123,0.11338813
10128,0.28419414
10131,0.17743649
10133,0.19367507
10134,0.17743649
10135,0.17411004
10145,0.20717733
10148,0.18694451
10154,0.28419414
10155,0.18694451
10158,0.98441386
10160,0.9483233
10161,0.48403358
10162,0.9111131
10165,0.88658184
10166,0.7659196
10167,0.7440221
10170,0.55070615
10178,0.82071984
10180,0.28419414
10181,0.21654056
10185,0.7078558
10188,0.5872198
10190,0.60271865
10196,0.7078558
10200,0.26588002
10205,0.6067299
10211,0.4418931
10216,0.39347038
10219,0.14831448
10221,0.57686347
10225,0.399208
10227,0.39586046
10228,0.51420224
10230,0.53012586
10232,0.7067831
10233,0.69565296
10235,0.57686347
10238,0.7893362
10240,0.6819737
10242,0.46813253
10248,0.27139097
10254,0.48280197
10257,0.11055763
10261,0.42281064
10262,0.24342605
10266,0.41008595
10267,0.3341363
10271,0.08188981
10277,0.40897423
10279,0.42681473
10281,0.3939798
10282,0.28419414
10285,0.28419414
10292,0.28419414
10298,0.28419414
10300,0.21713081
10309,0.28419414
10311,0.7027662
10312,0.27139097
10319,0.19093008
10324,0.9252336
10326,0.18488914
10328,0.082111284
10343,0.28002673
10346,0.28419414
10347,0.28419414
10353,0.053487793
10354,0.96462286
10356,0.33065608
10357,0.19385469
10362,0.49363646
10363,0.57904696
10370,0.6859859
10373,0.23278151
10386,0.28419414
10388,0.27139097
10389,0.26245221
10391,0.89185023
10397,0.28419414
10400,0.38753483
10403,0.28419414
10404,0.28419414
10408,0.19858988
10417,0.37851375
10425,0.33276215
10435,0.8424833
10437,0.8430726
10438,0.87955326
10440,0.22756751
10442,0.83522874
10447,0.9608445
10452,0.9703416
10453,0.50081545
10454,0.7728825
10459,0.9782015
10460,0.880642
10463,0.9073152
10465,0.81162703
10469,0.50081545
10474,0.8360798
10475,0.9855482
10476,0.30340773
10477,0.92633754
10480,0.64022154
10491,0.6548851
10493,0.6996594
10494,0.9830723
10495,0.5612677
10497,0.6672821
10501,0.83519804
10504,0.5672801
10507,0.92183
10509,0.98661464
10510,0.27139097
10512,0.87286675
10514,0.9888741
10526,0.8371972
10528,0.9902137
10530,0.577182
10531,0.7757908
10532,0.843878
10538,0.28419414
10539,0.28419414
10542,0.10741621
10547,0.28419414
10549,0.28419414
10556,0.27139097
10569,0.16005088
10572,0.1723916
10577,0.27139097
10579,0.062707126
10586,0.8518797
10594,0.55232275
10595,0.93295664
10597,0.13423805
10602,0.94803095
10604,0.71313
10614,0.28419414
10617,0.27139097
10618,0.40140775
10619,0.9712633
10624,0.9127217
10633,0.8518797
10634,0.98409396
10635,0.29805282
10638,0.12868
10639,0.12945706
10642,0.28419414
10643,0.28419414
10645,0.9250547
10646,0.15879321
10649,0.29008862
10652,0.99854434
10653,0.02226936
10654,0.08245129
10661,0.6219411
10664,0.95665836
10668,0.11346729
10670,0.27139097
10674,0.17529446
10683,0.14831752
10694,0.06984884
10697,0.17098694
10699,0.122626185
10701,0.21466756
10703,0.27013332
10713,0.19865756
10714,0.4613503
10716,0.28419414
10717,0.1247128
10719,0.28419414
10725,0.28419414
10728,0.28419414
10734,0.15084845
10738,0.91526854
10740,0.97648335
10742,0.9101857
10756,0.97648335
10757,0.9482269
10758,0.91526854
10761,0.97648335
10762,0.90687597
10773,0.9101857
10778,0.97648335
10781,0.97583985
10791,0.112472
10792,0.037877098
10796,0.4092031
10797,0.3501766
10801,0.06156997
10804,0.11299411
10806,0.1729984
10807,0.08877662
10816,0.12556092
10820,0.11391331
10828,0.1401416
10836,0.8954517
10838,0.9850021
10845,0.9337697
10856,0.93576634
10857,0.3681388
10858,0.90657663
10861,0.82783717
10865,0.89122075
10868,0.86608505
10874,0.30504864
10875,0.4204403
